{
  "Algèbre et géométrie": [
    "combinatoire-et-denombrement",
    "droites-plans-et-vecteurs-de-l-espace",
    "manipulation-des-vecteurs-des-droites-et-des-plans-de-l-espace",
    "orthogonalite-et-distances-dans-l-espace",
    "representations-parametriques-et-equations-cartesiennes"
  ],
  "Analyse": [
    "raisonnement-par-recurrence",
    "suites",
    "limites-des-fonctions",
    "complements-sur-la-derivation-2",
    "fonctions-convexes-1",
    "continuite-des-fonctions-d-une-variable-reelle",
    "fonction-logarithme",
    "etude-de-la-fonction-logarithme-neperien",
    "fonctions-sinus-et-cosinus",
    "primitives-equations-differentielles",
    "calcul-integral"
  ],
  "Probabilités": [
    "succession-d-epreuves-independantes-schema-de-bernoulli",
    "sommes-de-variables-aleatoires",
    "concentration-loi-des-grands-nombres"
  ],
  "Option mathématiques expertes : Nombres complexes": [
    "nombres-complexes-point-de-vue-algebrique",
    "nombres-complexes-point-de-vue-geometrique",
    "nombres-complexes-et-trigonometrie",
    "equations-polynomiales",
    "utilisation-des-nombres-complexes-en-geometrie"
  ],
  "Option mathématiques expertes : Arithmétique": [
    "arithmetique",
    "pgcd-theoremes-de-bezout-et-de-gauss",
    "nombres-premiers-et-petit-theoreme-de-fermat"
  ],
  "Option mathématiques expertes : Graphes et matrices": [
    "calcul-matriciel-1",
    "graphes-et-matrices",
    "suites-de-matrices-colonnes",
    "chaines-de-markov"
  ],
  "Option mathématiques complémentaires : Analyse": [
    "suites-numeriques-modeles-discrets",
    "fonctions-continuite-derivabilite-limites-representation-graphique",
    "continuite-de-fonctions",
    "fonction-logarithme-neperien-ln-",
    "complements-sur-la-derivation-3",
    "fonctions-convexes",
    "primitives-et-equations-differentielles",
    "integration-2"
  ],
  "Option mathématiques complémentaires : Probabilités et statistique": [
    "lois-discretes",
    "lois-a-densite-2",
    "statistique-a-deux-variables-quantitatives"
  ]
}